Rank,Activity,Category,Distance,Drive Time,Est Cost,Relaxation (1-10),Uniqueness vs NYC (1-10),Bachelor Party Fit (1-10),Value for Money (1-10),Convenience (1-10),Overall Score,Pros,Cons
1,Tuthilltown Spirits Distillery,Distillery,18 mi,25 min,$30-50,8,9,10,7,8,9.1,First whiskey distillery in NY since Prohibition; hands-on cocktail workshop ($50) where you make 3 drinks; 45-min tour includes rick house; 6-sample tasting with souvenir glass; historic gristmill setting; can buy bottles,Closed Tuesdays; cocktail workshop requires booking; can get busy weekends
2,Mid-Hudson Sporting Clays,Shooting,15 mi,22 min,$50-80,5,9,10,7,8,8.8,32 shooting stations on world-class outdoor course; nothing like this in NYC; all skill levels welcome; shotgun shooting in nature; unique bachelor party activity; BETTER without snow/ice on ground,Weather dependent (outdoor); need to rent guns if not bringing; can be cold in January
3,Paintball Sports NY,Adventure,15 mi,20 min,$40,2,8,10,9,8,8.5,16 themed fields on 150 acres; all-inclusive packages with gear; classic bachelor party activity; competitive and memorable; good group bonding; relatively cheap at $40/person; mud adds to experience without snow,High energy - will be tired after; can be cold in January; potential for bruises; need to book ahead
4,SafeShoot Indoor Range,Shooting,6 mi,12 min,$40-60,6,6,10,7,10,8.5,24 state-of-the-art lanes; 3 indoor ranges; gun rentals available; group party friendly; climate controlled; very close; good wet weather option,Indoor ranges exist in NYC area; less unique than outdoor sporting clays; less appealing now that outdoor options are viable
5,Little Beer Bus Tours,Tour,Varies,Full day,$155-160,8,8,10,3,7,8.4,Someone else drives; hits 2-3 breweries/distilleries; tastings lunch transport all included; no planning needed; social and easy; eliminates DUI concerns,Full day commitment; $155+ wasted on tastings if you have own drinks; on their schedule
6,Wreck Room HV (Rage Room),Entertainment,18 mi,25 min,$30-60,3,8,10,7,8,8.4,Smash stuff for stress relief; glass bottles electronics windshields; PERFECT bachelor party activity; Poughkeepsie Galleria location; team building packages; all ages with guardian,Rage rooms exist in NYC; mall location; need to book ahead
7,Tubby's (Bar + Comedy),Bar/Entertainment,6 mi,12 min,$15-25,6,5,9,9,10,8.0,Live music casual vibes; open mic comedy night (free); could participate; local scene; very close to accommodation,NYC has tons of open mics; quality unpredictable; you have own drinks
8,Keegan Ales Brewery,Brewery,6 mi,12 min,$20-40,8,6,9,5,10,8.0,Award-winning local brewery since 2003; Mother's Milk stout NYT top 10 in North America; free tours Fri-Sun 1-6pm; live music regularly; very close to accommodation; reliable indoor option,Breweries exist in NYC; not as unique as farm breweries; can get loud with live music
9,RPM Raceway (Go-Karts),Entertainment,18 mi,25 min,$25-50,4,5,10,7,8,7.9,Indoor electric go-karts up to 45mph; no weather concerns; competitive racing; great group activity; Poughkeepsie mall location; arcade and entertainment on-site,Go-kart tracks exist in NYC area; can get busy weekends; need to book ahead for groups
10,Assembly Kingston Comedy,Entertainment,6 mi,12 min,$15-25,8,4,9,8,10,7.9,Kingston's newest concert venue; stand-up comedy; Jan 23 has Squalid Gold showcase (Day 2 of trip); local arts scene; perfect evening activity,NYC has Comedy Cellar UCB world-class comedy; only worth it if specific show looks good
11,Resorts World Casino,Casino,48 mi,55 min,$50-200+,7,6,10,6,3,7.8,18-table poker room; sportsbook; 150 table games; 2500 slots; bars restaurants entertainment on-site; can combine with Awana Spa; CLASSIC bachelor party activity; FULL DAY potential,55 min drive each way; casinos near NYC; can lose money; long commitment
12,BackBar (Hidden Speakeasy),Bar,35 mi,40 min,$40-70,8,9,8,6,6,7.8,Hidden behind antique shop on Warren St; bohemian speakeasy vibe; craft cocktails; Southeast Asian bites; outdoor patio with string lights; dog friendly; unique discovery experience,40 min to Hudson; closed Tue-Wed; you have own drinks
13,Urban Cowboy Lodge,Wellness/Spa,39 mi,52 min,$150+,9,9,8,6,4,7.7,68-acre mountain lodge; authentic Estonian sauna; incredible on-site restaurant; cozy bar with fireplace; surrounded by forest; masculine aesthetic; MULTI-HOUR combo: sauna + dinner + drinks,52 min drive; pricey; reservations needed; remote location means committed for evening
14,Newburgh Brewing Company,Brewery,28 mi,40 min,$30-50,8,7,9,4,6,7.7,4th floor taproom with sweeping Hudson River views; 20+ craft beers; good food (burgers nachos wings); trivia Wed karaoke Thu live music Fri-Sun; industrial cool vibe,40 min drive; breweries exist in NYC; views are main differentiator
15,Salt Box (Late Night Bar),Bar,6 mi,12 min,$20-40,7,7,8,6,10,7.7,Best late-night spot in Kingston; multiple unique interior rooms and outdoor areas; adventurous layout to explore; fun eclectic crowd of locals; good for ending the night,You have own drinks; late-night bars exist in NYC
16,Saxon Hall Axe Throwing,Entertainment,28 mi,40 min,$30-40,5,4,10,7,6,7.6,10 lanes with electronic projected targets; interactive games like Tic-Tac-Toe Duck Hunters; good group activity,40 min drive; axe throwing venues in NYC (Kick Axe etc); somewhat high energy
17,Havana on Hudson Cigar,Cigar Lounge,20 mi,25 min,$50+,9,5,10,5,2,7.6,Premier cigar lounge; premium cigars; craft cocktails; speakeasy atmosphere; masculine refined vibe; quintessential bachelor activity; UNDERRATED for bachelor party,May require membership; cigar bars exist in NYC; 25 min drive; niche if group doesn't smoke
18,Widow Jane Mine,Attraction,10 mi,15 min,$5-10,7,10,6,10,9,7.6,Historic limestone cave/mine; Brooklyn Bridge and Statue of Liberty base made from this rock; self-guided tour; natural amphitheater; only $5 donation; 55 degrees inside; truly unique,MAY BE CLOSED IN JANUARY (ice inside); limited experience; more contemplative than party
19,Rail Explorers (Pedal Train),Adventure,25 mi,35 min,$50-80,8,10,7,7,6,7.6,Pedal-powered rail bikes on train tracks; 8-mile scenic Catskills ride along Esopus Creek; electric pedal assist; lantern night rides available; 2.5 hour experience; truly unique,CLOSED IN WINTER (Jan); reopens spring 2026; book for future trips
20,Goodnight Kenny (Speakeasy),Bar,18 mi,25 min,$25-50,7,7,8,7,8,7.6,Poughkeepsie neighborhood speakeasy; craft cocktails; beers on tap; playful snack fare; relaxed lively setting; locals favorite; good vibes,You have own drinks; speakeasies exist in NYC
21,All In Adventures (Escape+Axe),Entertainment,18 mi,25 min,$30-50,5,5,9,7,8,7.5,7 escape rooms; axe throwing lanes with projection games; Game Show Room experience; Poughkeepsie Galleria location; good for groups; multiple activities in one spot,Escape rooms exist in NYC; mall location; need to book ahead
22,Wood'n Wheel Fun Center,Entertainment,0 mi,2 min,$15-30,5,6,8,8,10,7.5,RIGHT IN ULSTER PARK; roller skating; laser tag arena; bumper cars; rock climbing wall; arcade; open Fri-Sun; established 1974; great backup option,Family-oriented crowd; smaller laser tag arena; limited hours (Fri 7-10pm Sat 10am-10pm Sun 12:30-4pm)
23,Happy Valley Arcade Bar,Bar/Arcade,35 mi,40 min,$20-40,6,5,9,7,6,7.4,80s/90s arcade games (NBA Jam Ms. Pac-Man); craft cocktails; Day-Glo retro vibes; nostalgic fun for 30s guys,40 min drive; barcades common in NYC; you have own drinks; not worth the drive
24,Scratch Billiards & Pub,Bar/Entertainment,25 mi,30 min,$20-40,7,4,9,8,6,7.4,7 pool tables including 2 Diamond tables; Hudson Valley craft beers on tap; pub food; classic bachelor party activity; chill competitive atmosphere,30 min drive to Wappingers Falls; pool halls exist in NYC; you have own drinks
25,Arrowood Farms Brewery,Brewery/Distillery,13 mi,20 min,$30-50,9,9,7,4,8,7.4,Working farm brewery - all ingredients grown on-site or locally; farmhouse ales exceptional; on-site distillery; comfort food menu; beautiful rustic setting; only 20 min away,SATURDAYS ONLY 12-9pm in winter; may not align with Thu/Fri schedule; farm setting cold in winter
26,Kartrite Indoor Waterpark,Entertainment,48 mi,55 min,$75,6,9,8,6,3,7.3,NYs biggest indoor waterpark; 80000 sq ft of slides and rides; day passes available; arcade laser tag bowling also on-site; year-round operation; FULL DAY activity,55 min drive; $75/person day pass; closed Tue-Wed; family-oriented crowd
27,Spins Bowl,Entertainment,25 mi,35 min,$30-50,6,4,9,7,7,7.3,Bowling laser tag 50+ arcade games axe throwing billiards air hockey; full bar; lots of variety; good rainy day option; MULTI-ACTIVITY venue perfect for groups,35 min drive; bowling alleys exist in NYC; suburban entertainment center vibe
28,Hutton Brickyards,Experience,6 mi,12 min,$75-150,9,7,7,5,10,7.3,100-acre riverfront venue; cooking classes (pasta pizza charcuterie); cocktail bar; fireside lounging; good group activity; learn something new together; GREAT Day 3 alternative to snow activities,Cooking classes need booking; $75-150 per class; may feel more date-night
29,Stockade Tavern,Bar,6 mi,12 min,$15-30,8,5,8,4,10,7.2,Best cocktails in Kingston area; craft cocktail focused; nice atmosphere; good for one nice drink out; QUALITY start to bar-hopping,You have own drinks; cocktail bars everywhere in NYC
30,World's Largest Kaleidoscope,Attraction,15 mi,20 min,$5,8,10,5,10,8,7.1,Guinness World Record holder; 60-foot tall kaleidoscope in converted silo; trippy visual show; only $5; quick 15-20 min experience; shops and spa at Emerson Resort; completely unique,Very short experience; may feel gimmicky; not a full activity on its own; more of a quirky add-on
31,Walkway Over the Hudson,Outdoor,18 mi,25 min,Free,8,9,5,10,8,6.9,Worlds longest elevated pedestrian bridge (1.28 miles); stunning Hudson River views; free admission; good exercise; historic 19th century railroad bridge; connects to rail trail,Cold in January; elevator closed Jan-Apr; weather dependent; not inherently a party activity
32,Hemlock Neversink Spa,Wellness/Spa,38 mi,50 min,$300,10,9,6,5,4,6.7,Multiple barrel saunas; steam room; hot tub and indoor pool; dedicated mens locker room; full spa menu; high-end facility; truly relaxing; MULTI-HOUR spa day,$300/person day pass is expensive; 50 min drive; may feel too spa-like for some guys
33,Escape Rooms (Kingston),Backup Indoor,6 mi,12 min,$30-40,5,2,8,7,10,6.6,Puzzle rooms for groups; team building; memorable if you escape or hilariously fail,Escape rooms everywhere in NYC; not unique at all; requires mental engagement
34,Brunette Wine Bar,Bar,6 mi,12 min,$30-60,9,6,6,5,10,6.6,Curated natural wine list; expertly crafted food plates; minimalist unpretentious vibe; Rondout waterfront area; intimate setting; different vibe from cocktail bars,You have own drinks; wine bars exist in NYC; more date-night than bachelor party; pricey
35,Rough Draft Bar & Books,Bar,6 mi,12 min,$15-25,9,6,6,5,10,6.6,Bookstore + bar combo is unique concept; trivia nights; cozy intellectual vibe; good cocktails; close by,You have own drinks; small space; niche appeal; quiet intellectual vibe
36,Dia Beacon (Art Museum),Culture,25 mi,35 min,$20,9,8,5,8,7,6.5,Massive contemporary art museum in converted Nabisco factory; more exhibition space than Guggenheim Whitney and MoMA combined; natural daylight galleries; Andy Warhol Richard Serra; free tours Sat-Sun,May not appeal to all; more contemplative than party vibe; 35 min drive
37,Piaule Catskill,Wellness/Spa,34 mi,45 min,$200+,10,10,5,5,5,6.5,Architecturally stunning landscape hotel; full spa circuit with hot pool mineral plunge sauna steam room; winter hikes; sound baths and massages; MULTI-HOUR spa experience; Instagram-worthy,Expensive ($200+); 45 min drive; more couple-oriented; limited food options on-site
38,Hudson River Maritime Museum,Culture,6 mi,12 min,$10-25,8,7,5,8,10,6.5,Hudson River history exhibits; historic boats and artifacts; Rondout waterfront location; guided tours Fri-Sun 1pm; solar boat tours in season; $10 admission; free parking,Thu-Sun only 11am-5pm; more educational than party vibe; boat tours seasonal
39,Lone Wolf,Bar,6 mi,12 min,$15-25,6,4,7,4,10,6.3,Local bar; bar hopping spot,You have own drinks; generic bar; nothing special
40,Snapper Magee's,Bar,6 mi,12 min,$15-25,6,3,7,4,10,6.1,Local bar; casual,You have own drinks; generic bar
